1996 World Champion,https://deckbox.org/system/images/mtg/cards/1000641.jpg
A Display of My Dark Power,https://deckbox.org/system/images/mtg/cards/212578.jpg
Abandon Hope,https://deckbox.org/system/images/mtg/cards/4635.jpg
Abandon Reason,https://deckbox.org/system/images/mtg/cards/414412.jpg
Abandoned Outpost,https://deckbox.org/system/images/mtg/cards/31761.jpg
Abattoir Ghoul,https://deckbox.org/system/images/mtg/cards/222911.jpg
Abbey Gargoyles,https://deckbox.org/system/images/mtg/cards/4098.jpg
Abbey Griffin,https://deckbox.org/system/images/mtg/cards/235595.jpg
Abbey Matron,https://deckbox.org/system/images/mtg/cards/3011.jpg
Abbot of Keral Keep,https://deckbox.org/system/images/mtg/cards/398411.jpg
Abduction,https://deckbox.org/system/images/mtg/cards/14526.jpg
Aberrant Researcher,https://deckbox.org/system/images/mtg/cards/409790.jpg
Abeyance,https://deckbox.org/system/images/mtg/cards/4563.jpg
Abhorrent Overlord,https://deckbox.org/system/images/mtg/cards/373661.jpg
Abjure,https://deckbox.org/system/images/mtg/cards/4477.jpg
Abolish,https://deckbox.org/system/images/mtg/cards/24561.jpg
Abomination,https://deckbox.org/system/images/mtg/cards/2084.jpg
Abomination of Gudul,https://deckbox.org/system/images/mtg/cards/386463.jpg
Aboroth,https://deckbox.org/system/images/mtg/cards/4505.jpg
Aboshan's Desire,https://deckbox.org/system/images/mtg/cards/29728.jpg
"Aboshan, Cephalid Emperor",https://deckbox.org/system/images/mtg/cards/31821.jpg
About Face,https://deckbox.org/system/images/mtg/cards/12414.jpg
Abrupt Decay,https://deckbox.org/system/images/mtg/cards/253561.jpg
Absolute Grace,https://deckbox.org/system/images/mtg/cards/5716.jpg
Absolute Law,https://deckbox.org/system/images/mtg/cards/8437.jpg
Absolver Thrull,https://deckbox.org/system/images/mtg/cards/96953.jpg
Absorb,https://deckbox.org/system/images/mtg/cards/23155.jpg
Absorb Vis,https://deckbox.org/system/images/mtg/cards/179513.jpg
Abstruse Interference,https://deckbox.org/system/images/mtg/cards/407550.jpg
Abu Ja'far,https://deckbox.org/system/images/mtg/cards/968.jpg
Abuna Acolyte,https://deckbox.org/system/images/mtg/cards/194371.jpg
Abuna's Chant,https://deckbox.org/system/images/mtg/cards/50164.jpg
Abundance,https://deckbox.org/system/images/mtg/cards/130483.jpg
Abundant Growth,https://deckbox.org/system/images/mtg/cards/413698.jpg
Abundant Maw,https://deckbox.org/system/images/mtg/cards/414290.jpg
Abyssal Gatekeeper,https://deckbox.org/system/images/mtg/cards/4447.jpg
Abyssal Horror,https://deckbox.org/system/images/mtg/cards/13111.jpg
Abyssal Hunter,https://deckbox.org/system/images/mtg/cards/15383.jpg
Abyssal Nightstalker,https://deckbox.org/system/images/mtg/cards/6567.jpg
Abyssal Nocturnus,https://deckbox.org/system/images/mtg/cards/96858.jpg
Abyssal Persecutor,https://deckbox.org/system/images/mtg/cards/197869.jpg
Abyssal Specter,https://deckbox.org/system/images/mtg/cards/45307.jpg
Abzan Advantage,https://deckbox.org/system/images/mtg/cards/391781.jpg
Abzan Ascendancy,https://deckbox.org/system/images/mtg/cards/386464.jpg
Abzan Banner,https://deckbox.org/system/images/mtg/cards/386465.jpg
Abzan Battle Priest,https://deckbox.org/system/images/mtg/cards/386466.jpg
Abzan Beastmaster,https://deckbox.org/system/images/mtg/cards/391782.jpg
Abzan Charm,https://deckbox.org/system/images/mtg/cards/420794.jpg
Abzan Falconer,https://deckbox.org/system/images/mtg/cards/420674.jpg
Abzan Guide,https://deckbox.org/system/images/mtg/cards/386469.jpg
Abzan Kin-Guard,https://deckbox.org/system/images/mtg/cards/391783.jpg
Abzan Runemark,https://deckbox.org/system/images/mtg/cards/391784.jpg
Abzan Skycaptain,https://deckbox.org/system/images/mtg/cards/391785.jpg
Academy at Tolaria West,https://deckbox.org/system/images/mtg/cards/198073.jpg
Academy Elite,https://deckbox.org/system/images/mtg/cards/420698.jpg
Academy Raider,https://deckbox.org/system/images/mtg/cards/370735.jpg
Academy Rector,https://deckbox.org/system/images/mtg/cards/15138.jpg
Academy Researchers,https://deckbox.org/system/images/mtg/cards/132072.jpg
Academy Ruins,https://deckbox.org/system/images/mtg/cards/116725.jpg
Accelerate,https://deckbox.org/system/images/mtg/cards/29857.jpg
Accelerated Mutation,https://deckbox.org/system/images/mtg/cards/43539.jpg
Acceptable Losses,https://deckbox.org/system/images/mtg/cards/30692.jpg
Accomplished Automaton,https://deckbox.org/system/images/mtg/cards/417764.jpg
Accorder Paladin,https://deckbox.org/system/images/mtg/cards/213818.jpg
Accorder's Shield,https://deckbox.org/system/images/mtg/cards/370581.jpg
Accumulated Knowledge,https://deckbox.org/system/images/mtg/cards/21285.jpg
Accursed Centaur,https://deckbox.org/system/images/mtg/cards/26715.jpg
Accursed Spirit,https://deckbox.org/system/images/mtg/cards/383175.jpg
Accursed Witch,https://deckbox.org/system/images/mtg/cards/409843.jpg
"Ach! Hans, Run!",https://deckbox.org/system/images/mtg/cards/73935.jpg
Acid Rain,https://deckbox.org/system/images/mtg/cards/1470.jpg
Acid Web Spider,https://deckbox.org/system/images/mtg/cards/209290.jpg
Acid-Spewer Dragon,https://deckbox.org/system/images/mtg/cards/394485.jpg
Acidic Dagger,https://deckbox.org/system/images/mtg/cards/3239.jpg
Acidic Slime,https://deckbox.org/system/images/mtg/cards/405117.jpg
Acidic Sliver,https://deckbox.org/system/images/mtg/cards/5108.jpg
Acidic Soil,https://deckbox.org/system/images/mtg/cards/5722.jpg
Acolyte of the Inferno,https://deckbox.org/system/images/mtg/cards/398574.jpg
Acolyte of Xathrid,https://deckbox.org/system/images/mtg/cards/190579.jpg
Acolyte's Reward,https://deckbox.org/system/images/mtg/cards/378373.jpg
Acorn Catapult,https://deckbox.org/system/images/mtg/cards/233197.jpg
Acorn Harvest,https://deckbox.org/system/images/mtg/cards/29873.jpg
Acquire,https://deckbox.org/system/images/mtg/cards/51088.jpg
Acridian,https://deckbox.org/system/images/mtg/cards/5865.jpg
Acrobatic Maneuver,https://deckbox.org/system/images/mtg/cards/417574.jpg
Act of Aggression,https://deckbox.org/system/images/mtg/cards/405118.jpg
Act of Authority,https://deckbox.org/system/images/mtg/cards/376238.jpg
Act of Treason,https://deckbox.org/system/images/mtg/cards/398578.jpg
Act on Impulse,https://deckbox.org/system/images/mtg/cards/383176.jpg
Active Volcano,https://deckbox.org/system/images/mtg/cards/1556.jpg
Ad Nauseam,https://deckbox.org/system/images/mtg/cards/174915.jpg
"Adamaro, First to Desire",https://deckbox.org/system/images/mtg/cards/74187.jpg
Adaptive Automaton,https://deckbox.org/system/images/mtg/cards/220147.jpg
Adaptive Snapjaw,https://deckbox.org/system/images/mtg/cards/366290.jpg
Adarkar Sentinel,https://deckbox.org/system/images/mtg/cards/2392.jpg
Adarkar Unicorn,https://deckbox.org/system/images/mtg/cards/2661.jpg
Adarkar Valkyrie,https://deckbox.org/system/images/mtg/cards/121196.jpg
Adarkar Wastes,https://deckbox.org/system/images/mtg/cards/129458.jpg
Adarkar Windform,https://deckbox.org/system/images/mtg/cards/121268.jpg
Adder-Staff Boggart,https://deckbox.org/system/images/mtg/cards/145992.jpg
Addle,https://deckbox.org/system/images/mtg/cards/23030.jpg
Admonition Angel,https://deckbox.org/system/images/mtg/cards/197160.jpg
Adriana's Valor,https://deckbox.org/system/images/mtg/cards/1006794.jpg
"Adriana, Captain of the Guard",https://deckbox.org/system/images/mtg/cards/416830.jpg
Adun Oakenshield,https://deckbox.org/system/images/mtg/cards/1642.jpg
Advance Scout,https://deckbox.org/system/images/mtg/cards/4857.jpg
Advanced Hoverguard,https://deckbox.org/system/images/mtg/cards/50144.jpg
Advanced Stitchwing,https://deckbox.org/system/images/mtg/cards/414341.jpg
Advantageous Proclamation,https://deckbox.org/system/images/mtg/cards/1001701.jpg
Advent of the Wurm,https://deckbox.org/system/images/mtg/cards/369036.jpg
Adventurers' Guildhouse,https://deckbox.org/system/images/mtg/cards/1698.jpg
Adventuring Gear,https://deckbox.org/system/images/mtg/cards/178135.jpg
Adverse Conditions,https://deckbox.org/system/images/mtg/cards/401803.jpg
Advice from the Fae,https://deckbox.org/system/images/mtg/cards/154408.jpg
Advocate of the Beast,https://deckbox.org/system/images/mtg/cards/370738.jpg
Aegis Angel,https://deckbox.org/system/images/mtg/cards/383160.jpg
Aegis of Honor,https://deckbox.org/system/images/mtg/cards/29922.jpg
Aegis of the Gods,https://deckbox.org/system/images/mtg/cards/380364.jpg
Aegis of the Meek,https://deckbox.org/system/images/mtg/cards/2393.jpg
Aeolipile,https://deckbox.org/system/images/mtg/cards/1827.jpg
Aeon Chronicler,https://deckbox.org/system/images/mtg/cards/420699.jpg
Aerathi Berserker,https://deckbox.org/system/images/mtg/cards/1557.jpg
Aerial Caravan,https://deckbox.org/system/images/mtg/cards/19667.jpg
Aerial Formation,https://deckbox.org/system/images/mtg/cards/380365.jpg
Aerial Maneuver,https://deckbox.org/system/images/mtg/cards/366294.jpg
Aerial Predation,https://deckbox.org/system/images/mtg/cards/289227.jpg
Aerial Responder,https://deckbox.org/system/images/mtg/cards/417575.jpg
Aerial Volley,https://deckbox.org/system/images/mtg/cards/398565.jpg
Aerie Bowmasters,https://deckbox.org/system/images/mtg/cards/394486.jpg
Aerie Mystics,https://deckbox.org/system/images/mtg/cards/153946.jpg
Aerie Ouphes,https://deckbox.org/system/images/mtg/cards/153427.jpg
Aerie Worshippers,https://deckbox.org/system/images/mtg/cards/378402.jpg
Aeronaut Tinkerer,https://deckbox.org/system/images/mtg/cards/383177.jpg
Aesthetic Consultation,https://deckbox.org/system/images/mtg/cards/74284.jpg
Aesthir Glider,https://deckbox.org/system/images/mtg/cards/3040.jpg
Aether Adept,https://deckbox.org/system/images/mtg/cards/227222.jpg
Aether Barrier,https://deckbox.org/system/images/mtg/cards/22289.jpg
Aether Burst,https://deckbox.org/system/images/mtg/cards/29725.jpg
Aether Charge,https://deckbox.org/system/images/mtg/cards/12425.jpg
Aether Figment,https://deckbox.org/system/images/mtg/cards/170993.jpg
Aether Flash,https://deckbox.org/system/images/mtg/cards/25678.jpg
Aether Gale,https://deckbox.org/system/images/mtg/cards/389424.jpg
Aether Hub,https://deckbox.org/system/images/mtg/cards/417815.jpg
Aether Meltdown,https://deckbox.org/system/images/mtg/cards/417609.jpg
Aether Membrane,https://deckbox.org/system/images/mtg/cards/124504.jpg
Aether Mutation,https://deckbox.org/system/images/mtg/cards/28669.jpg
Aether Rift,https://deckbox.org/system/images/mtg/cards/23194.jpg
Aether Searcher,https://deckbox.org/system/images/mtg/cards/382207.jpg
Aether Shockwave,https://deckbox.org/system/images/mtg/cards/74208.jpg
Aether Snap,https://deckbox.org/system/images/mtg/cards/49075.jpg
Aether Spellbomb,https://deckbox.org/system/images/mtg/cards/48113.jpg
Aether Sting,https://deckbox.org/system/images/mtg/cards/12612.jpg
Aether Storm,https://deckbox.org/system/images/mtg/cards/3891.jpg
Aether Theorist,https://deckbox.org/system/images/mtg/cards/417610.jpg
Aether Tide,https://deckbox.org/system/images/mtg/cards/6071.jpg
Aether Tradewinds,https://deckbox.org/system/images/mtg/cards/417611.jpg
Aether Vial,https://deckbox.org/system/images/mtg/cards/48146.jpg
Aether Web,https://deckbox.org/system/images/mtg/cards/108852.jpg
Aetherborn Marauder,https://deckbox.org/system/images/mtg/cards/417644.jpg
Aetherflame Wall,https://deckbox.org/system/images/mtg/cards/113558.jpg
Aetherflux Reservoir,https://deckbox.org/system/images/mtg/cards/417765.jpg
Aetherize,https://deckbox.org/system/images/mtg/cards/405119.jpg
Aetherling,https://deckbox.org/system/images/mtg/cards/368961.jpg
Aethermage's Touch,https://deckbox.org/system/images/mtg/cards/111192.jpg
Aetherplasm,https://deckbox.org/system/images/mtg/cards/96924.jpg
Aethersnatch,https://deckbox.org/system/images/mtg/cards/405120.jpg
Aethersnipe,https://deckbox.org/system/images/mtg/cards/397746.jpg
Aetherspouts,https://deckbox.org/system/images/mtg/cards/383178.jpg
Aethersquall Ancient,https://deckbox.org/system/images/mtg/cards/417612.jpg
Aetherstorm Roc,https://deckbox.org/system/images/mtg/cards/417576.jpg
Aethertorch Renegade,https://deckbox.org/system/images/mtg/cards/417679.jpg
Aethertow,https://deckbox.org/system/images/mtg/cards/158750.jpg
Aetherworks Marvel,https://deckbox.org/system/images/mtg/cards/417766.jpg
Affa Guard Hound,https://deckbox.org/system/images/mtg/cards/401644.jpg
Affa Protector,https://deckbox.org/system/images/mtg/cards/407524.jpg
Afflict,https://deckbox.org/system/images/mtg/cards/135206.jpg
Afflicted Deserter,https://deckbox.org/system/images/mtg/cards/262675.jpg
Afiya Grove,https://deckbox.org/system/images/mtg/cards/3374.jpg
Afterlife,https://deckbox.org/system/images/mtg/cards/19549.jpg
Aftershock,https://deckbox.org/system/images/mtg/cards/4800.jpg
Agadeem Occultist,https://deckbox.org/system/images/mtg/cards/198402.jpg
Ageless Entity,https://deckbox.org/system/images/mtg/cards/46148.jpg
Ageless Sentinels,https://deckbox.org/system/images/mtg/cards/43713.jpg
Agent of Acquisitions,https://deckbox.org/system/images/mtg/cards/382209.jpg
Agent of Erebos,https://deckbox.org/system/images/mtg/cards/380366.jpg
Agent of Horizons,https://deckbox.org/system/images/mtg/cards/373712.jpg
Agent of Masks,https://deckbox.org/system/images/mtg/cards/96892.jpg
Agent of Shauku,https://deckbox.org/system/images/mtg/cards/24601.jpg
Agent of Stromgald,https://deckbox.org/system/images/mtg/cards/3159.jpg
Agent of the Fates,https://deckbox.org/system/images/mtg/cards/373543.jpg
Aggravate,https://deckbox.org/system/images/mtg/cards/275707.jpg
Aggravated Assault,https://deckbox.org/system/images/mtg/cards/40195.jpg
Aggression,https://deckbox.org/system/images/mtg/cards/2605.jpg
Aggressive Mining,https://deckbox.org/system/images/mtg/cards/383179.jpg
Aggressive Urge,https://deckbox.org/system/images/mtg/cards/130525.jpg
Agility,https://deckbox.org/system/images/mtg/cards/3425.jpg
Agonizing Demise,https://deckbox.org/system/images/mtg/cards/23034.jpg
Agonizing Memories,https://deckbox.org/system/images/mtg/cards/135228.jpg
Agony Warp,https://deckbox.org/system/images/mtg/cards/397784.jpg
Agoraphobia,https://deckbox.org/system/images/mtg/cards/366258.jpg
"Agrus Kos, Wojek Veteran",https://deckbox.org/system/images/mtg/cards/89101.jpg
Agyrem,https://deckbox.org/system/images/mtg/cards/198090.jpg
Aim High,https://deckbox.org/system/images/mtg/cards/409950.jpg
Ainok Artillerist,https://deckbox.org/system/images/mtg/cards/394487.jpg
Ainok Bond-Kin,https://deckbox.org/system/images/mtg/cards/386471.jpg
Ainok Guide,https://deckbox.org/system/images/mtg/cards/391786.jpg
Ainok Survivalist,https://deckbox.org/system/images/mtg/cards/394488.jpg
Ainok Tracker,https://deckbox.org/system/images/mtg/cards/386472.jpg
Air Bladder,https://deckbox.org/system/images/mtg/cards/22377.jpg
Air Elemental,https://deckbox.org/system/images/mtg/cards/189884.jpg
Air Servant,https://deckbox.org/system/images/mtg/cards/397847.jpg
Airborne Aid,https://deckbox.org/system/images/mtg/cards/39889.jpg
Airdrop Condor,https://deckbox.org/system/images/mtg/cards/39755.jpg
Aisling Leprechaun,https://deckbox.org/system/images/mtg/cards/1513.jpg
Ajani Goldmane,https://deckbox.org/system/images/mtg/cards/205957.jpg
Ajani Steadfast,https://deckbox.org/system/images/mtg/cards/383180.jpg
Ajani Vengeant,https://deckbox.org/system/images/mtg/cards/174852.jpg
Ajani's Chosen,https://deckbox.org/system/images/mtg/cards/405121.jpg
Ajani's Mantra,https://deckbox.org/system/images/mtg/cards/204987.jpg
Ajani's Presence,https://deckbox.org/system/images/mtg/cards/380368.jpg
Ajani's Pridemate,https://deckbox.org/system/images/mtg/cards/383181.jpg
Ajani's Sunstriker,https://deckbox.org/system/images/mtg/cards/259715.jpg
"Ajani, Caller of the Pride",https://deckbox.org/system/images/mtg/cards/370680.jpg
"Ajani, Mentor of Heroes",https://deckbox.org/system/images/mtg/cards/380367.jpg
"Akiri, Line-Slinger",https://deckbox.org/system/images/mtg/cards/420643.jpg
Akki Avalanchers,https://deckbox.org/system/images/mtg/cards/75277.jpg
Akki Blizzard-Herder,https://deckbox.org/system/images/mtg/cards/74428.jpg
Akki Coalflinger,https://deckbox.org/system/images/mtg/cards/50338.jpg
Akki Drillmaster,https://deckbox.org/system/images/mtg/cards/74393.jpg
Akki Lavarunner,https://deckbox.org/system/images/mtg/cards/78694.jpg
Akki Raider,https://deckbox.org/system/images/mtg/cards/74596.jpg
Akki Rockspeaker,https://deckbox.org/system/images/mtg/cards/77919.jpg
Akki Underling,https://deckbox.org/system/images/mtg/cards/79164.jpg
Akki Underminer,https://deckbox.org/system/images/mtg/cards/75399.jpg
Akoum,https://deckbox.org/system/images/mtg/cards/226512.jpg
Akoum Battlesinger,https://deckbox.org/system/images/mtg/cards/198360.jpg
Akoum Boulderfoot,https://deckbox.org/system/images/mtg/cards/193506.jpg
Akoum Firebird,https://deckbox.org/system/images/mtg/cards/401804.jpg
Akoum Flameseeker,https://deckbox.org/system/images/mtg/cards/407611.jpg
Akoum Hellkite,https://deckbox.org/system/images/mtg/cards/401805.jpg
Akoum Refuge,https://deckbox.org/system/images/mtg/cards/401709.jpg
Akoum Stonewaker,https://deckbox.org/system/images/mtg/cards/401806.jpg
Akrasan Squire,https://deckbox.org/system/images/mtg/cards/174963.jpg
Akroan Conscriptor,https://deckbox.org/system/images/mtg/cards/378459.jpg
Akroan Crusader,https://deckbox.org/system/images/mtg/cards/373578.jpg
Akroan Hoplite,https://deckbox.org/system/images/mtg/cards/373590.jpg
Akroan Horse,https://deckbox.org/system/images/mtg/cards/420858.jpg
Akroan Jailer,https://deckbox.org/system/images/mtg/cards/398656.jpg
Akroan Line Breaker,https://deckbox.org/system/images/mtg/cards/380369.jpg
Akroan Mastiff,https://deckbox.org/system/images/mtg/cards/380370.jpg
Akroan Phalanx,https://deckbox.org/system/images/mtg/cards/378374.jpg
Akroan Sergeant,https://deckbox.org/system/images/mtg/cards/398604.jpg
Akroan Skyguard,https://deckbox.org/system/images/mtg/cards/378375.jpg
Akroma's Blessing,https://deckbox.org/system/images/mtg/cards/41162.jpg
Akroma's Devoted,https://deckbox.org/system/images/mtg/cards/44747.jpg
Akroma's Memorial,https://deckbox.org/system/images/mtg/cards/279712.jpg
Akroma's Vengeance,https://deckbox.org/system/images/mtg/cards/41168.jpg
"Akroma, Angel of Fury",https://deckbox.org/system/images/mtg/cards/401628.jpg
"Akroma, Angel of Wrath",https://deckbox.org/system/images/mtg/cards/401629.jpg
Akron Legionnaire,https://deckbox.org/system/images/mtg/cards/4099.jpg
Aku Djinn,https://deckbox.org/system/images/mtg/cards/3608.jpg
"Akuta, Born of Ash",https://deckbox.org/system/images/mtg/cards/74148.jpg
Al-abara's Carpet,https://deckbox.org/system/images/mtg/cards/1398.jpg
Alabaster Dragon,https://deckbox.org/system/images/mtg/cards/4564.jpg
Alabaster Kirin,https://deckbox.org/system/images/mtg/cards/386473.jpg
Alabaster Leech,https://deckbox.org/system/images/mtg/cards/22960.jpg
Alabaster Mage,https://deckbox.org/system/images/mtg/cards/220264.jpg
Alabaster Potion,https://deckbox.org/system/images/mtg/cards/4100.jpg
Alabaster Wall,https://deckbox.org/system/images/mtg/cards/19541.jpg
Alaborn Cavalier,https://deckbox.org/system/images/mtg/cards/243435.jpg
Alaborn Grenadier,https://deckbox.org/system/images/mtg/cards/6508.jpg
Alaborn Musketeer,https://deckbox.org/system/images/mtg/cards/6499.jpg
Alaborn Trooper,https://deckbox.org/system/images/mtg/cards/6493.jpg
Alaborn Veteran,https://deckbox.org/system/images/mtg/cards/6516.jpg
Alaborn Zealot,https://deckbox.org/system/images/mtg/cards/6492.jpg
Aladdin,https://deckbox.org/system/images/mtg/cards/955.jpg
Aladdin's Lamp,https://deckbox.org/system/images/mtg/cards/2014.jpg
Aladdin's Ring,https://deckbox.org/system/images/mtg/cards/82989.jpg
Alarum,https://deckbox.org/system/images/mtg/cards/3477.jpg
Albino Troll,https://deckbox.org/system/images/mtg/cards/5867.jpg
Alchemist's Apprentice,https://deckbox.org/system/images/mtg/cards/240031.jpg
Alchemist's Greeting,https://deckbox.org/system/images/mtg/cards/414413.jpg
Alchemist's Refuge,https://deckbox.org/system/images/mtg/cards/240194.jpg
Alchemist's Vial,https://deckbox.org/system/images/mtg/cards/398640.jpg
Alchor's Tomb,https://deckbox.org/system/images/mtg/cards/1399.jpg
Aleatory,https://deckbox.org/system/images/mtg/cards/3426.jpg
Alert Shu Infantry,https://deckbox.org/system/images/mtg/cards/10487.jpg
Alesha's Vanguard,https://deckbox.org/system/images/mtg/cards/391788.jpg
"Alesha, Who Smiles at Death",https://deckbox.org/system/images/mtg/cards/420736.jpg
Alexi's Cloak,https://deckbox.org/system/images/mtg/cards/24579.jpg
"Alexi, Zephyr Mage",https://deckbox.org/system/images/mtg/cards/24591.jpg
Algae Gharial,https://deckbox.org/system/images/mtg/cards/397854.jpg
Alhammarret's Archive,https://deckbox.org/system/images/mtg/cards/398564.jpg
"Alhammarret, High Arbiter",https://deckbox.org/system/images/mtg/cards/398436.jpg
Ali Baba,https://deckbox.org/system/images/mtg/cards/2258.jpg
Ali from Cairo,https://deckbox.org/system/images/mtg/cards/957.jpg
Aliban's Tower,https://deckbox.org/system/images/mtg/cards/2986.jpg
Aligned Hedron Network,https://deckbox.org/system/images/mtg/cards/401807.jpg
Alive // Well,https://deckbox.org/system/images/mtg/cards/369041.jpg
All Hallow's Eve,https://deckbox.org/system/images/mtg/cards/1428.jpg
All in Good Time,https://deckbox.org/system/images/mtg/cards/212648.jpg
All Is Dust,https://deckbox.org/system/images/mtg/cards/397750.jpg
All Shall Smolder in My Wake,https://deckbox.org/system/images/mtg/cards/212617.jpg
All Suns' Dawn,https://deckbox.org/system/images/mtg/cards/397741.jpg
Allay,https://deckbox.org/system/images/mtg/cards/6036.jpg
Alley Grifters,https://deckbox.org/system/images/mtg/cards/19584.jpg
Alliance of Arms,https://deckbox.org/system/images/mtg/cards/228218.jpg
Allied Reinforcements,https://deckbox.org/system/images/mtg/cards/407525.jpg
Allied Strategies,https://deckbox.org/system/images/mtg/cards/26383.jpg
Allosaurus Rider,https://deckbox.org/system/images/mtg/cards/121157.jpg
Alloy Golem,https://deckbox.org/system/images/mtg/cards/23224.jpg
Alloy Myr,https://deckbox.org/system/images/mtg/cards/397796.jpg
Alluring Scent,https://deckbox.org/system/images/mtg/cards/20221.jpg
Alluring Siren,https://deckbox.org/system/images/mtg/cards/245188.jpg
Ally Encampment,https://deckbox.org/system/images/mtg/cards/401808.jpg
Alms,https://deckbox.org/system/images/mtg/cards/4565.jpg
Alms Beast,https://deckbox.org/system/images/mtg/cards/366402.jpg
Alms of the Vein,https://deckbox.org/system/images/mtg/cards/409845.jpg
Alpha Authority,https://deckbox.org/system/images/mtg/cards/366325.jpg
Alpha Brawl,https://deckbox.org/system/images/mtg/cards/262657.jpg
Alpha Kavu,https://deckbox.org/system/images/mtg/cards/27613.jpg
Alpha Myr,https://deckbox.org/system/images/mtg/cards/49045.jpg
Alpha Status,https://deckbox.org/system/images/mtg/cards/35409.jpg
Alpha Tyrranax,https://deckbox.org/system/images/mtg/cards/202651.jpg
Alpine Grizzly,https://deckbox.org/system/images/mtg/cards/386474.jpg
Altac Bloodseeker,https://deckbox.org/system/images/mtg/cards/383182.jpg
Altar Golem,https://deckbox.org/system/images/mtg/cards/157974.jpg
Altar of Bone,https://deckbox.org/system/images/mtg/cards/2717.jpg
Altar of Dementia,https://deckbox.org/system/images/mtg/cards/4596.jpg
Altar of Mogis,https://deckbox.org/system/images/mtg/cards/1003697.jpg
Altar of Shadows,https://deckbox.org/system/images/mtg/cards/48156.jpg
Altar of the Brood,https://deckbox.org/system/images/mtg/cards/386475.jpg
Altar of the Lost,https://deckbox.org/system/images/mtg/cards/262846.jpg
Altar's Light,https://deckbox.org/system/images/mtg/cards/48383.jpg
Altar's Reap,https://deckbox.org/system/images/mtg/cards/405122.jpg
Alter Reality,https://deckbox.org/system/images/mtg/cards/34832.jpg
Altered Ego,https://deckbox.org/system/images/mtg/cards/410005.jpg
Aluren,https://deckbox.org/system/images/mtg/cards/4747.jpg
Always Watching,https://deckbox.org/system/images/mtg/cards/409737.jpg
Amass the Components,https://deckbox.org/system/images/mtg/cards/270988.jpg
Ambassador Laquatus,https://deckbox.org/system/images/mtg/cards/129913.jpg
Ambassador Oak,https://deckbox.org/system/images/mtg/cards/152998.jpg
Amber Prison,https://deckbox.org/system/images/mtg/cards/15403.jpg
Ambiguity,https://deckbox.org/system/images/mtg/cards/74317.jpg
Ambition's Cost,https://deckbox.org/system/images/mtg/cards/405123.jpg
Ambitious Aetherborn,https://deckbox.org/system/images/mtg/cards/417645.jpg
Ambuscade Shaman,https://deckbox.org/system/images/mtg/cards/394489.jpg
Ambush,https://deckbox.org/system/images/mtg/cards/2987.jpg
Ambush Commander,https://deckbox.org/system/images/mtg/cards/43599.jpg
Ambush Krotiq,https://deckbox.org/system/images/mtg/cards/391789.jpg
Ambush Party,https://deckbox.org/system/images/mtg/cards/4029.jpg
Ambush Viper,https://deckbox.org/system/images/mtg/cards/220644.jpg
Amnesia,https://deckbox.org/system/images/mtg/cards/1746.jpg
Amoeboid Changeling,https://deckbox.org/system/images/mtg/cards/140339.jpg
Amok,https://deckbox.org/system/images/mtg/cards/5109.jpg
Amphibious Kavu,https://deckbox.org/system/images/mtg/cards/26409.jpg
Amphin Cutthroat,https://deckbox.org/system/images/mtg/cards/220218.jpg
Amphin Pathmage,https://deckbox.org/system/images/mtg/cards/383183.jpg
Ampryn Tactician,https://deckbox.org/system/images/mtg/cards/398603.jpg
Amrou Kithkin,https://deckbox.org/system/images/mtg/cards/2317.jpg
Amrou Scout,https://deckbox.org/system/images/mtg/cards/113619.jpg
Amrou Seekers,https://deckbox.org/system/images/mtg/cards/113509.jpg
Amugaba,https://deckbox.org/system/images/mtg/cards/29929.jpg
Amulet of Kroog,https://deckbox.org/system/images/mtg/cards/3759.jpg
Amulet of Quoz,https://deckbox.org/system/images/mtg/cards/2394.jpg
Amulet of Unmaking,https://deckbox.org/system/images/mtg/cards/3241.jpg
Amulet of Vigor,https://deckbox.org/system/images/mtg/cards/191577.jpg
An-Havva Constable,https://deckbox.org/system/images/mtg/cards/3960.jpg
An-Havva Inn,https://deckbox.org/system/images/mtg/cards/2961.jpg
An-Havva Township,https://deckbox.org/system/images/mtg/cards/3035.jpg
An-Zerrin Ruins,https://deckbox.org/system/images/mtg/cards/2990.jpg
Ana Battlemage,https://deckbox.org/system/images/mtg/cards/124342.jpg
Ana Disciple,https://deckbox.org/system/images/mtg/cards/25856.jpg
Ana Sanctuary,https://deckbox.org/system/images/mtg/cards/26830.jpg
Anaba Ancestor,https://deckbox.org/system/images/mtg/cards/2991.jpg
Anaba Bodyguard,https://deckbox.org/system/images/mtg/cards/134753.jpg
Anaba Shaman,https://deckbox.org/system/images/mtg/cards/82991.jpg
Anaba Spirit Crafter,https://deckbox.org/system/images/mtg/cards/2996.jpg
Anaconda,https://deckbox.org/system/images/mtg/cards/83276.jpg
"Anafenza, Kin-Tree Spirit",https://deckbox.org/system/images/mtg/cards/394490.jpg
"Anafenza, the Foremost",https://deckbox.org/system/images/mtg/cards/386476.jpg
Anarchist,https://deckbox.org/system/images/mtg/cards/84072.jpg
Anarchy,https://deckbox.org/system/images/mtg/cards/2606.jpg
Anathemancer,https://deckbox.org/system/images/mtg/cards/179538.jpg
Anavolver,https://deckbox.org/system/images/mtg/cards/25951.jpg
Anax and Cymede,https://deckbox.org/system/images/mtg/cards/373530.jpg
Ancestor's Chosen,https://deckbox.org/system/images/mtg/cards/130550.jpg
Ancestor's Prophet,https://deckbox.org/system/images/mtg/cards/39882.jpg
Ancestral Knowledge,https://deckbox.org/system/images/mtg/cards/4478.jpg
Ancestral Mask,https://deckbox.org/system/images/mtg/cards/413699.jpg
Ancestral Memories,https://deckbox.org/system/images/mtg/cards/27115.jpg
Ancestral Recall,https://deckbox.org/system/images/mtg/cards/692.jpg
Ancestral Statue,https://deckbox.org/system/images/mtg/cards/394491.jpg
Ancestral Tribute,https://deckbox.org/system/images/mtg/cards/30555.jpg
Ancestral Vengeance,https://deckbox.org/system/images/mtg/cards/391790.jpg
Ancestral Vision,https://deckbox.org/system/images/mtg/cards/113505.jpg
Anchor to the Aether,https://deckbox.org/system/images/mtg/cards/398474.jpg
Ancient Amphitheater,https://deckbox.org/system/images/mtg/cards/405124.jpg
Ancient Carp,https://deckbox.org/system/images/mtg/cards/394492.jpg
Ancient Crab,https://deckbox.org/system/images/mtg/cards/407560.jpg
Ancient Craving,https://deckbox.org/system/images/mtg/cards/405125.jpg
Ancient Den,https://deckbox.org/system/images/mtg/cards/46063.jpg
Ancient Excavation,https://deckbox.org/system/images/mtg/cards/420644.jpg
Ancient Grudge,https://deckbox.org/system/images/mtg/cards/235600.jpg
Ancient Hellkite,https://deckbox.org/system/images/mtg/cards/204980.jpg
Ancient Hydra,https://deckbox.org/system/images/mtg/cards/22296.jpg
Ancient Kavu,https://deckbox.org/system/images/mtg/cards/23069.jpg
Ancient Ooze,https://deckbox.org/system/images/mtg/cards/45164.jpg
Ancient Runes,https://deckbox.org/system/images/mtg/cards/4801.jpg
Ancient Silverback,https://deckbox.org/system/images/mtg/cards/383184.jpg
Ancient Spider,https://deckbox.org/system/images/mtg/cards/19149.jpg
Ancient Spring,https://deckbox.org/system/images/mtg/cards/23236.jpg
Ancient Stirrings,https://deckbox.org/system/images/mtg/cards/193437.jpg
Ancient Tomb,https://deckbox.org/system/images/mtg/cards/4636.jpg
Ancient Ziggurat,https://deckbox.org/system/images/mtg/cards/189271.jpg
Andradite Leech,https://deckbox.org/system/images/mtg/cards/23052.jpg
Angel,https://deckbox.org/system/images/mtg/cards/1004110.jpg
Angel of Deliverance,https://deckbox.org/system/images/mtg/cards/409738.jpg
Angel of Despair,https://deckbox.org/system/images/mtg/cards/83869.jpg
Angel of Finality,https://deckbox.org/system/images/mtg/cards/376243.jpg
Angel of Flight Alabaster,https://deckbox.org/system/images/mtg/cards/230620.jpg
Angel of Fury,https://deckbox.org/system/images/mtg/cards/6515.jpg
Angel of Glory's Rise,https://deckbox.org/system/images/mtg/cards/239993.jpg
Angel of Invention,https://deckbox.org/system/images/mtg/cards/417577.jpg
Angel of Jubilation,https://deckbox.org/system/images/mtg/cards/240120.jpg
Angel of Light,https://deckbox.org/system/images/mtg/cards/20391.jpg
Angel of Mercy,https://deckbox.org/system/images/mtg/cards/129465.jpg
Angel of Renewal,https://deckbox.org/system/images/mtg/cards/401810.jpg
Angel of Retribution,https://deckbox.org/system/images/mtg/cards/32233.jpg
Angel of Salvation,https://deckbox.org/system/images/mtg/cards/130345.jpg
Angel of Serenity,https://deckbox.org/system/images/mtg/cards/405126.jpg
Angel of the Dire Hour,https://deckbox.org/system/images/mtg/cards/389427.jpg
Angel's Feather,https://deckbox.org/system/images/mtg/cards/221520.jpg
Angel's Grace,https://deckbox.org/system/images/mtg/cards/110504.jpg
Angel's Herald,https://deckbox.org/system/images/mtg/cards/175141.jpg
Angel's Mercy,https://deckbox.org/system/images/mtg/cards/259714.jpg
Angel's Tomb,https://deckbox.org/system/images/mtg/cards/398418.jpg
Angel's Trumpet,https://deckbox.org/system/images/mtg/cards/8832.jpg
Angelfire Crusader,https://deckbox.org/system/images/mtg/cards/21253.jpg
Angelheart Vial,https://deckbox.org/system/images/mtg/cards/193436.jpg
Angelic Accord,https://deckbox.org/system/images/mtg/cards/370612.jpg
Angelic Arbiter,https://deckbox.org/system/images/mtg/cards/204975.jpg
Angelic Armaments,https://deckbox.org/system/images/mtg/cards/240074.jpg
Angelic Benediction,https://deckbox.org/system/images/mtg/cards/279702.jpg
Angelic Blessing,https://deckbox.org/system/images/mtg/cards/129711.jpg
Angelic Captain,https://deckbox.org/system/images/mtg/cards/401811.jpg
Angelic Chorus,https://deckbox.org/system/images/mtg/cards/129710.jpg
Angelic Curator,https://deckbox.org/system/images/mtg/cards/12354.jpg
Angelic Destiny,https://deckbox.org/system/images/mtg/cards/220230.jpg
Angelic Edict,https://deckbox.org/system/images/mtg/cards/366400.jpg
Angelic Favor,https://deckbox.org/system/images/mtg/cards/21258.jpg
Angelic Field Marshal,https://deckbox.org/system/images/mtg/cards/389428.jpg
Angelic Gift,https://deckbox.org/system/images/mtg/cards/401812.jpg
Angelic Overseer,https://deckbox.org/system/images/mtg/cards/220370.jpg
Angelic Page,https://deckbox.org/system/images/mtg/cards/45172.jpg
Angelic Protector,https://deckbox.org/system/images/mtg/cards/4858.jpg
Angelic Purge,https://deckbox.org/system/images/mtg/cards/409739.jpg
Angelic Renewal,https://deckbox.org/system/images/mtg/cards/4566.jpg
Angelic Shield,https://deckbox.org/system/images/mtg/cards/23177.jpg
Angelic Skirmisher,https://deckbox.org/system/images/mtg/cards/366395.jpg
Angelic Voices,https://deckbox.org/system/images/mtg/cards/1602.jpg
Angelic Wall,https://deckbox.org/system/images/mtg/cards/370789.jpg
Angelsong,https://deckbox.org/system/images/mtg/cards/175000.jpg
Anger,https://deckbox.org/system/images/mtg/cards/33717.jpg
Anger of the Gods,https://deckbox.org/system/images/mtg/cards/373604.jpg
Angry Mob,https://deckbox.org/system/images/mtg/cards/4101.jpg
Anguished Unmaking,https://deckbox.org/system/images/mtg/cards/410006.jpg
Angus Mackenzie,https://deckbox.org/system/images/mtg/cards/1643.jpg
Animal Boneyard,https://deckbox.org/system/images/mtg/cards/31839.jpg
Animal Magnetism,https://deckbox.org/system/images/mtg/cards/42190.jpg
"Animar, Soul of Elements",https://deckbox.org/system/images/mtg/cards/236504.jpg
Animate Artifact,https://deckbox.org/system/images/mtg/cards/2143.jpg
Animate Dead,https://deckbox.org/system/images/mtg/cards/413620.jpg
Animate Land,https://deckbox.org/system/images/mtg/cards/21377.jpg
Animate Wall,https://deckbox.org/system/images/mtg/cards/16428.jpg
Animation Module,https://deckbox.org/system/images/mtg/cards/417767.jpg
Animist's Awakening,https://deckbox.org/system/images/mtg/cards/398437.jpg
Animus of Predation,https://deckbox.org/system/images/mtg/cards/416817.jpg
Ankh of Mishra,https://deckbox.org/system/images/mtg/cards/14771.jpg
Ankle Shanker,https://deckbox.org/system/images/mtg/cards/420795.jpg
Annex,https://deckbox.org/system/images/mtg/cards/84564.jpg
Annihilate,https://deckbox.org/system/images/mtg/cards/413621.jpg
Annihilating Fire,https://deckbox.org/system/images/mtg/cards/270801.jpg
Annul,https://deckbox.org/system/images/mtg/cards/373584.jpg
Anodet Lurker,https://deckbox.org/system/images/mtg/cards/51119.jpg
Anoint,https://deckbox.org/system/images/mtg/cards/4859.jpg
Anointer of Champions,https://deckbox.org/system/images/mtg/cards/398455.jpg
"Anowon, the Ruin Sage",https://deckbox.org/system/images/mtg/cards/177508.jpg
Ant Queen,https://deckbox.org/system/images/mtg/cards/397821.jpg
Antagonism,https://deckbox.org/system/images/mtg/cards/5572.jpg
Anthem of Rakdos,https://deckbox.org/system/images/mtg/cards/97110.jpg
"Anthousa, Setessan Hero",https://deckbox.org/system/images/mtg/cards/373671.jpg
Anthroplasm,https://deckbox.org/system/images/mtg/cards/12387.jpg
Anti-Magic Aura,https://deckbox.org/system/images/mtg/cards/3893.jpg
Anticipate,https://deckbox.org/system/images/mtg/cards/401813.jpg
Antler Skulkin,https://deckbox.org/system/images/mtg/cards/158293.jpg
Anurid Barkripper,https://deckbox.org/system/images/mtg/cards/36039.jpg
Anurid Brushhopper,https://deckbox.org/system/images/mtg/cards/35059.jpg
Anurid Murkdiver,https://deckbox.org/system/images/mtg/cards/43638.jpg
Anurid Scavenger,https://deckbox.org/system/images/mtg/cards/33687.jpg
Anurid Swarmsnapper,https://deckbox.org/system/images/mtg/cards/36453.jpg
Anvil of Bogardan,https://deckbox.org/system/images/mtg/cards/3589.jpg
Anvilwrought Raptor,https://deckbox.org/system/images/mtg/cards/373677.jpg
"Anya, Merciless Angel",https://deckbox.org/system/images/mtg/cards/405127.jpg
Apathy,https://deckbox.org/system/images/mtg/cards/4479.jpg
Ape,https://deckbox.org/system/images/mtg/cards/1002436.jpg
Apes of Rath,https://deckbox.org/system/images/mtg/cards/4748.jpg
Apex Hawks,https://deckbox.org/system/images/mtg/cards/197769.jpg
Aphetto Alchemist,https://deckbox.org/system/images/mtg/cards/39530.jpg
Aphetto Dredging,https://deckbox.org/system/images/mtg/cards/39704.jpg
Aphetto Exterminator,https://deckbox.org/system/images/mtg/cards/42060.jpg
Aphetto Grifter,https://deckbox.org/system/images/mtg/cards/39419.jpg
Aphetto Runecaster,https://deckbox.org/system/images/mtg/cards/44339.jpg
Aphetto Vulture,https://deckbox.org/system/images/mtg/cards/39906.jpg
Aphotic Wisps,https://deckbox.org/system/images/mtg/cards/154392.jpg
Apocalypse,https://deckbox.org/system/images/mtg/cards/4802.jpg
Apocalypse Chime,https://deckbox.org/system/images/mtg/cards/2900.jpg
Apocalypse Hydra,https://deckbox.org/system/images/mtg/cards/397885.jpg
Apostle's Blessing,https://deckbox.org/system/images/mtg/cards/397768.jpg
Apothecary Geist,https://deckbox.org/system/images/mtg/cards/409740.jpg
Apothecary Initiate,https://deckbox.org/system/images/mtg/cards/141929.jpg
Appetite for Brains,https://deckbox.org/system/images/mtg/cards/279612.jpg
Appetite for the Unnatural,https://deckbox.org/system/images/mtg/cards/417714.jpg
Apprentice Necromancer,https://deckbox.org/system/images/mtg/cards/14442.jpg
Apprentice Sorcerer,https://deckbox.org/system/images/mtg/cards/6535.jpg
Apprentice Wizard,https://deckbox.org/system/images/mtg/cards/2144.jpg
Approach My Molten Realm,https://deckbox.org/system/images/mtg/cards/212591.jpg
Aquamoeba,https://deckbox.org/system/images/mtg/cards/34465.jpg
Aquamorph Entity,https://deckbox.org/system/images/mtg/cards/126024.jpg
Aquastrand Spider,https://deckbox.org/system/images/mtg/cards/397697.jpg
Aqueous Form,https://deckbox.org/system/images/mtg/cards/373715.jpg
Aquitect's Will,https://deckbox.org/system/images/mtg/cards/142354.jpg
Aquus Steed,https://deckbox.org/system/images/mtg/cards/270361.jpg
Araba Mothrider,https://deckbox.org/system/images/mtg/cards/74050.jpg
Arachnogenesis,https://deckbox.org/system/images/mtg/cards/405128.jpg
Arachnoid,https://deckbox.org/system/images/mtg/cards/51230.jpg
Arachnus Spinner,https://deckbox.org/system/images/mtg/cards/220242.jpg
Arachnus Web,https://deckbox.org/system/images/mtg/cards/220283.jpg
Aradara Express,https://deckbox.org/system/images/mtg/cards/417768.jpg
"Arashi, the Sky Asunder",https://deckbox.org/system/images/mtg/cards/87333.jpg
Arashin Cleric,https://deckbox.org/system/images/mtg/cards/391791.jpg
Arashin Foremost,https://deckbox.org/system/images/mtg/cards/394494.jpg
Arashin Sovereign,https://deckbox.org/system/images/mtg/cards/394495.jpg
Arashin War Beast,https://deckbox.org/system/images/mtg/cards/391792.jpg
Arbalest Elite,https://deckbox.org/system/images/mtg/cards/220078.jpg
Arbiter of Knollridge,https://deckbox.org/system/images/mtg/cards/405129.jpg
Arbiter of the Ideal,https://deckbox.org/system/images/mtg/cards/378403.jpg
Arbor Colossus,https://deckbox.org/system/images/mtg/cards/405130.jpg
Arbor Elf,https://deckbox.org/system/images/mtg/cards/249840.jpg
Arborback Stomper,https://deckbox.org/system/images/mtg/cards/417715.jpg
Arboria,https://deckbox.org/system/images/mtg/cards/1514.jpg
Arc Blade,https://deckbox.org/system/images/mtg/cards/126193.jpg
Arc Lightning,https://deckbox.org/system/images/mtg/cards/386478.jpg
Arc Mage,https://deckbox.org/system/images/mtg/cards/21343.jpg
Arc Runner,https://deckbox.org/system/images/mtg/cards/204991.jpg
Arc Trail,https://deckbox.org/system/images/mtg/cards/206343.jpg
Arc-Slogger,https://deckbox.org/system/images/mtg/cards/48436.jpg
Arcades Sabboth,https://deckbox.org/system/images/mtg/cards/1644.jpg
Arcane Denial,https://deckbox.org/system/images/mtg/cards/420700.jpg
Arcane Laboratory,https://deckbox.org/system/images/mtg/cards/25562.jpg
Arcane Lighthouse,https://deckbox.org/system/images/mtg/cards/389430.jpg
Arcane Melee,https://deckbox.org/system/images/mtg/cards/270993.jpg
Arcane Sanctum,https://deckbox.org/system/images/mtg/cards/420898.jpg
Arcane Savant,https://deckbox.org/system/images/mtg/cards/416784.jpg
Arcane Spyglass,https://deckbox.org/system/images/mtg/cards/10670.jpg
Arcane Teachings,https://deckbox.org/system/images/mtg/cards/130530.jpg
Arcanis the Omnipotent,https://deckbox.org/system/images/mtg/cards/413581.jpg
Arcanum Wings,https://deckbox.org/system/images/mtg/cards/136055.jpg
Arcbond,https://deckbox.org/system/images/mtg/cards/391793.jpg
Arcbound Bruiser,https://deckbox.org/system/images/mtg/cards/46129.jpg
Arcbound Crusher,https://deckbox.org/system/images/mtg/cards/50937.jpg
Arcbound Fiend,https://deckbox.org/system/images/mtg/cards/50938.jpg
Arcbound Hybrid,https://deckbox.org/system/images/mtg/cards/46101.jpg
Arcbound Lancer,https://deckbox.org/system/images/mtg/cards/46130.jpg
Arcbound Overseer,https://deckbox.org/system/images/mtg/cards/39639.jpg
Arcbound Ravager,https://deckbox.org/system/images/mtg/cards/50943.jpg
Arcbound Reclaimer,https://deckbox.org/system/images/mtg/cards/50528.jpg
Arcbound Slith,https://deckbox.org/system/images/mtg/cards/50939.jpg
Arcbound Stinger,https://deckbox.org/system/images/mtg/cards/46131.jpg
Arcbound Wanderer,https://deckbox.org/system/images/mtg/cards/72720.jpg
Arcbound Worker,https://deckbox.org/system/images/mtg/cards/48604.jpg
Archaeological Dig,https://deckbox.org/system/images/mtg/cards/23245.jpg
Archaeomancer,https://deckbox.org/system/images/mtg/cards/370753.jpg
Archangel,https://deckbox.org/system/images/mtg/cards/240205.jpg
Archangel Avacyn,https://deckbox.org/system/images/mtg/cards/409741.jpg
Archangel of Strife,https://deckbox.org/system/images/mtg/cards/401630.jpg
Archangel of Thune,https://deckbox.org/system/images/mtg/cards/370627.jpg
Archangel of Tithes,https://deckbox.org/system/images/mtg/cards/398571.jpg
Archangel's Light,https://deckbox.org/system/images/mtg/cards/244691.jpg
Archdemon of Paliano,https://deckbox.org/system/images/mtg/cards/416796.jpg
Archdemon of Unx,https://deckbox.org/system/images/mtg/cards/174847.jpg
Archers of Qarsi,https://deckbox.org/system/images/mtg/cards/391794.jpg
Archers' Parapet,https://deckbox.org/system/images/mtg/cards/386479.jpg
Archery Training,https://deckbox.org/system/images/mtg/cards/15135.jpg
Archetype of Aggression,https://deckbox.org/system/images/mtg/cards/378460.jpg
Archetype of Courage,https://deckbox.org/system/images/mtg/cards/378376.jpg
Archetype of Endurance,https://deckbox.org/system/images/mtg/cards/378488.jpg
Archetype of Finality,https://deckbox.org/system/images/mtg/cards/378430.jpg
Archetype of Imagination,https://deckbox.org/system/images/mtg/cards/378404.jpg
Archfiend of Depravity,https://deckbox.org/system/images/mtg/cards/391795.jpg
Architect of the Untamed,https://deckbox.org/system/images/mtg/cards/417716.jpg
Architects of Will,https://deckbox.org/system/images/mtg/cards/179597.jpg
Archive Trap,https://deckbox.org/system/images/mtg/cards/197538.jpg
Archivist,https://deckbox.org/system/images/mtg/cards/82994.jpg
Archmage Ascension,https://deckbox.org/system/images/mtg/cards/197893.jpg
Archon of Justice,https://deckbox.org/system/images/mtg/cards/244828.jpg
Archon of Redemption,https://deckbox.org/system/images/mtg/cards/201575.jpg
Archon of the Triumvirate,https://deckbox.org/system/images/mtg/cards/253603.jpg
Archweaver,https://deckbox.org/system/images/mtg/cards/253601.jpg
Archwing Dragon,https://deckbox.org/system/images/mtg/cards/278063.jpg
Arctic Aven,https://deckbox.org/system/images/mtg/cards/249710.jpg
Arctic Flats,https://deckbox.org/system/images/mtg/cards/121158.jpg
Arctic Foxes,https://deckbox.org/system/images/mtg/cards/2662.jpg
Arctic Merfolk,https://deckbox.org/system/images/mtg/cards/26360.jpg
Arctic Nishoba,https://deckbox.org/system/images/mtg/cards/121229.jpg
Arctic Wolves,https://deckbox.org/system/images/mtg/cards/4506.jpg
Arcum Dagsson,https://deckbox.org/system/images/mtg/cards/122124.jpg
Arcum's Sleigh,https://deckbox.org/system/images/mtg/cards/2395.jpg
Arcum's Weathervane,https://deckbox.org/system/images/mtg/cards/2396.jpg
Arcum's Whistle,https://deckbox.org/system/images/mtg/cards/2397.jpg
Ardent Militia,https://deckbox.org/system/images/mtg/cards/45194.jpg
Ardent Plea,https://deckbox.org/system/images/mtg/cards/185054.jpg
Ardent Recruit,https://deckbox.org/system/images/mtg/cards/213794.jpg
Ardent Soldier,https://deckbox.org/system/images/mtg/cards/22931.jpg
Arena,https://deckbox.org/system/images/mtg/cards/109739.jpg
Arena Athlete,https://deckbox.org/system/images/mtg/cards/373585.jpg
Arena of the Ancients,https://deckbox.org/system/images/mtg/cards/1400.jpg
Arenson's Aura,https://deckbox.org/system/images/mtg/cards/4103.jpg
Aretopolis,https://deckbox.org/system/images/mtg/cards/226517.jpg
Argent Mutation,https://deckbox.org/system/images/mtg/cards/218001.jpg
Argent Sphinx,https://deckbox.org/system/images/mtg/cards/397887.jpg
Argentum Armor,https://deckbox.org/system/images/mtg/cards/217967.jpg
Argivian Archaeologist,https://deckbox.org/system/images/mtg/cards/1064.jpg
Argivian Blacksmith,https://deckbox.org/system/images/mtg/cards/1065.jpg
Argivian Find,https://deckbox.org/system/images/mtg/cards/4568.jpg
Argivian Restoration,https://deckbox.org/system/images/mtg/cards/4480.jpg
Argothian Elder,https://deckbox.org/system/images/mtg/cards/5736.jpg
Argothian Enchantress,https://deckbox.org/system/images/mtg/cards/413700.jpg
Argothian Pixies,https://deckbox.org/system/images/mtg/cards/1050.jpg
Argothian Swine,https://deckbox.org/system/images/mtg/cards/5862.jpg
Argothian Treefolk,https://deckbox.org/system/images/mtg/cards/1051.jpg
Argothian Wurm,https://deckbox.org/system/images/mtg/cards/5769.jpg
Arid Mesa,https://deckbox.org/system/images/mtg/cards/177584.jpg
"Arjun, the Shifting Flame",https://deckbox.org/system/images/mtg/cards/405131.jpg
Ark of Blight,https://deckbox.org/system/images/mtg/cards/47281.jpg
Arlinn Kord,https://deckbox.org/system/images/mtg/cards/410007.jpg
Arm with Aether,https://deckbox.org/system/images/mtg/cards/202641.jpg
Armada Wurm,https://deckbox.org/system/images/mtg/cards/253587.jpg
Armadillo Cloak,https://deckbox.org/system/images/mtg/cards/413737.jpg
Armageddon,https://deckbox.org/system/images/mtg/cards/14500.jpg
Armageddon Clock,https://deckbox.org/system/images/mtg/cards/2018.jpg
Armament Corps,https://deckbox.org/system/images/mtg/cards/386480.jpg
Armament Master,https://deckbox.org/system/images/mtg/cards/190420.jpg
Armament of Nyx,https://deckbox.org/system/images/mtg/cards/380371.jpg
Armed // Dangerous,https://deckbox.org/system/images/mtg/cards/368989.jpg
Armed Response,https://deckbox.org/system/images/mtg/cards/73566.jpg
Armillary Sphere,https://deckbox.org/system/images/mtg/cards/137936.jpg
Armistice,https://deckbox.org/system/images/mtg/cards/19661.jpg
Armor of Faith,https://deckbox.org/system/images/mtg/cards/4105.jpg
Armor of Thorns,https://deckbox.org/system/images/mtg/cards/3375.jpg
Armor Sliver,https://deckbox.org/system/images/mtg/cards/4689.jpg
Armor Thrull,https://deckbox.org/system/images/mtg/cards/1841.jpg
Armorcraft Judge,https://deckbox.org/system/images/mtg/cards/417717.jpg
Armored Ascension,https://deckbox.org/system/images/mtg/cards/204997.jpg
Armored Cancrix,https://deckbox.org/system/images/mtg/cards/370632.jpg
Armored Galleon,https://deckbox.org/system/images/mtg/cards/6537.jpg
Armored Griffin,https://deckbox.org/system/images/mtg/cards/271234.jpg
Armored Guardian,https://deckbox.org/system/images/mtg/cards/23197.jpg
Armored Pegasus,https://deckbox.org/system/images/mtg/cards/14469.jpg
Armored Skaab,https://deckbox.org/system/images/mtg/cards/244685.jpg
Armored Transport,https://deckbox.org/system/images/mtg/cards/366344.jpg
Armored Warhorse,https://deckbox.org/system/images/mtg/cards/222634.jpg
Armored Wolf-Rider,https://deckbox.org/system/images/mtg/cards/369082.jpg
Armorer Guildmage,https://deckbox.org/system/images/mtg/cards/3427.jpg
Armory Automaton,https://deckbox.org/system/images/mtg/cards/420668.jpg
Armory Guard,https://deckbox.org/system/images/mtg/cards/253570.jpg
Armory of Iroas,https://deckbox.org/system/images/mtg/cards/380372.jpg
Arms Dealer,https://deckbox.org/system/images/mtg/cards/265719.jpg
Army Ants,https://deckbox.org/system/images/mtg/cards/3733.jpg
Army of Allah,https://deckbox.org/system/images/mtg/cards/970.jpg
Army of the Damned,https://deckbox.org/system/images/mtg/cards/420722.jpg
Arnjlot's Ascent,https://deckbox.org/system/images/mtg/cards/2493.jpg
Arrest,https://deckbox.org/system/images/mtg/cards/397723.jpg
Arrogant Bloodlord,https://deckbox.org/system/images/mtg/cards/193511.jpg
Arrogant Vampire,https://deckbox.org/system/images/mtg/cards/4207.jpg
Arrogant Wurm,https://deckbox.org/system/images/mtg/cards/12623.jpg
Arrow Storm,https://deckbox.org/system/images/mtg/cards/386481.jpg
Arrow Volley Trap,https://deckbox.org/system/images/mtg/cards/193404.jpg
Arrows of Justice,https://deckbox.org/system/images/mtg/cards/366381.jpg
Arsenal Thresher,https://deckbox.org/system/images/mtg/cards/189652.jpg
Artful Dodge,https://deckbox.org/system/images/mtg/cards/262840.jpg
Artful Looter,https://deckbox.org/system/images/mtg/cards/74356.jpg
Artful Maneuver,https://deckbox.org/system/images/mtg/cards/394496.jpg
Artifact Blast,https://deckbox.org/system/images/mtg/cards/1057.jpg
Artifact Mutation,https://deckbox.org/system/images/mtg/cards/420796.jpg
Artifact Possession,https://deckbox.org/system/images/mtg/cards/1036.jpg
Artifact Ward,https://deckbox.org/system/images/mtg/cards/1066.jpg
Artificer's Epiphany,https://deckbox.org/system/images/mtg/cards/398462.jpg
Artificer's Hex,https://deckbox.org/system/images/mtg/cards/370634.jpg
Artificer's Intuition,https://deckbox.org/system/images/mtg/cards/50172.jpg
Artificial Evolution,https://deckbox.org/system/images/mtg/cards/39923.jpg
Artillerize,https://deckbox.org/system/images/mtg/cards/218081.jpg
Artisan of Forms,https://deckbox.org/system/images/mtg/cards/373742.jpg
Artisan of Kozilek,https://deckbox.org/system/images/mtg/cards/401684.jpg
Artisan's Sorrow,https://deckbox.org/system/images/mtg/cards/373506.jpg
Ascendant Evincar,https://deckbox.org/system/images/mtg/cards/106525.jpg
Ascended Lawmage,https://deckbox.org/system/images/mtg/cards/369016.jpg
Ascending Aven,https://deckbox.org/system/images/mtg/cards/25879.jpg
Asceticism,https://deckbox.org/system/images/mtg/cards/215082.jpg
Ash Barrens,https://deckbox.org/system/images/mtg/cards/420673.jpg
Ash Zealot,https://deckbox.org/system/images/mtg/cards/253623.jpg
Asha's Favor,https://deckbox.org/system/images/mtg/cards/150826.jpg
"Ashaya, the Awoken World",https://deckbox.org/system/images/mtg/cards/1002641.jpg
Ashcloud Phoenix,https://deckbox.org/system/images/mtg/cards/386482.jpg
Ashcoat Bear,https://deckbox.org/system/images/mtg/cards/114905.jpg
Ashen Firebeast,https://deckbox.org/system/images/mtg/cards/29965.jpg
Ashen Ghoul,https://deckbox.org/system/images/mtg/cards/2438.jpg
Ashen Monstrosity,https://deckbox.org/system/images/mtg/cards/74469.jpg
Ashen Powder,https://deckbox.org/system/images/mtg/cards/15384.jpg
Ashen Rider,https://deckbox.org/system/images/mtg/cards/373689.jpg
